Title,Price,Location,Amenities,Type,Agent,Link,Date
 3 Bedroom Apartment ," ₦ 50,000,000 ",?? Location: Lifecamp Ext. After Karimo Market With Access Behind Brains & Harmers City. Life Camp Abuja, 3 Beds 4 Baths ,3 Bedroom Apartment,"
               Estate Shelters 
             ",/property/3-bedroom-flat-apartment-for-sale-location-lifecamp-ext-after-karimo-market-with-access-behind-brains-harmers-city-life-camp-abuja-3NNDV,"Updated 31 Oct 2025, Added 13 Sep 2025"
 Contemporary 4 Bedroom Fully Detached Duplex ,"₦ 200,000,000",Ajah Lekki Lagos, 4 Beds 4 Baths ,Contemporary 4 Bedroom Fully Detached Duplex,"
               Perfect Images 
             ",/property/4-bedroom-house-for-sale-ajah-lekki-lagos-3NTJF," Updated 01 Nov 2025, Added 01 Nov 2025"
 Newly Built 4 Bedroom Semi Detached Duplex ,"₦ 150,000,000",Ajah Lekki Lagos, 4 Beds 4 Baths ,Newly Built 4 Bedroom Semi Detached Duplex,"
               Perfect Images 
             ",/property/4-bedroom-house-for-sale-ajah-lekki-lagos-2NTJE," Updated 01 Nov 2025, Added 01 Nov 2025"
 Newly Built 2 Bedroom Terrace Duplex ,"₦ 95,000,000",Orchid Lekki Lagos, 2 Beds 2 Baths ,Newly Built 2 Bedroom Terrace Duplex,"
               ADULLAM REALTY 
             ",/property/2-bedroom-house-for-sale-orchid-lekki-lagos-4NTCB," Updated 01 Nov 2025, Added 29 Oct 2025"
 3 Bedroom Terrace Duplex With Bq ,"₦ 80,000,000",Ajah Lagos, 3 Beds 3 Baths ,3 Bedroom Terrace Duplex With Bq,"
               Freddie Homes 
             ",/property/3-bedroom-house-for-sale-ajah-lagos-4NDYS," Updated 01 Nov 2025, Added 01 Jul 2025"
 Spacious 4 Bedroom Semi’s Detached Duplex ,"₦ 150,000,000",Ajah Lekki Lagos, 4 Beds 4 Baths ,Spacious 4 Bedroom Semi’s Detached Duplex,"
               Perfect Images 
             ",/property/4-bedroom-house-for-sale-ajah-lekki-lagos-3NTHZ," Updated 01 Nov 2025, Added 01 Nov 2025"
 Luxury 4 Bedroom Terrace Duplex With Bq +inverter ,"₦ 150,000,000",By Berger Clinic Life Camp Abuja, 5 Beds 6 Baths ,Luxury 4 Bedroom Terrace Duplex With Bq +inverter,"
               BEVIKS REALTY 
             ",/property/5-bedroom-house-for-sale-by-berger-clinic-life-camp-abuja-0NPME," Updated 01 Nov 2025, Added 25 Sep 2025"
 Smart Luxury 4 Bedroom Terrace Duplex With Bq+inverter ,"₦ 150,000,000",By Fct Minster’s House Life Camp Abuja, 5 Beds 6 Baths ,Smart Luxury 4 Bedroom Terrace Duplex With Bq+inverter,"
               BEVIKS REALTY 
             ",/property/5-bedroom-house-for-sale-by-fct-minsters-house-life-camp-abuja-1NPMF," Updated 01 Nov 2025, Added 25 Sep 2025"
 Automated 4 Bedroom Terrace Duplex With Bq ,"₦ 150,000,000",By Berger Clinic Life Camp Abuja, 5 Beds 6 Baths ,Automated 4 Bedroom Terrace Duplex With Bq,"
               BEVIKS REALTY 
             ",/property/5-bedroom-house-for-sale-by-berger-clinic-life-camp-abuja-9NPNF," Updated 01 Nov 2025, Added 26 Sep 2025"
 Automated 4 Bedroom Terrace Duplex With Bq + Inverter ,"₦ 150,000,000",By Fct Minister’s House Life Camp Abuja, 5 Beds 6 Baths ,Automated 4 Bedroom Terrace Duplex With Bq + Inverter,"
               BEVIKS REALTY 
             ",/property/5-bedroom-house-for-sale-by-fct-ministers-house-life-camp-abuja-0NPNR," Updated 01 Nov 2025, Added 26 Sep 2025"
 4 Bedroom Fully Detached Duplex With Bq ," ₦ 220,000,000 ",Stargate Oluyole Estate Ibadan Oyo, ,4 Bedroom Fully Detached Duplex With Bq,"
               Openkeys business 
             ",/property/house-for-sale-stargate-oluyole-estate-ibadan-oyo-2NDKD,"Updated 31 Oct 2025, Added 26 Jun 2025"
 Luxury 4 Bedroom Terrace Duplex With Bq + Inverter ,"₦ 150,000,000",By Berger Clinic Life Camp Abuja, 5 Beds 6 Baths ,Luxury 4 Bedroom Terrace Duplex With Bq + Inverter,"
               BEVIKS REALTY 
             ",/property/5-bedroom-house-for-sale-by-berger-clinic-life-camp-abuja-6NPRL," Updated 01 Nov 2025, Added 27 Sep 2025"
 Luxury 4 Bedroom Terraced Duplex With Bq/inverter ,"₦ 150,000,000","By Old Aprofim Estate, Berger Clinic, Life Camp Abuja", 5 Beds 6 Baths ,Luxury 4 Bedroom Terraced Duplex With Bq/inverter,"
               BEVIKS REALTY 
             ",/property/5-bedroom-house-for-sale-by-old-aprofim-estate-berger-clinic-life-camp-abuja-5NQMC," Updated 01 Nov 2025, Added 05 Oct 2025"
 Automated 4 Bedroom Terraced Duplex With Bq ,"₦ 150,000,000","By Old Aprofim Estate, Berger Clinic, Life Camp Abuja", 5 Beds 6 Baths ,Automated 4 Bedroom Terraced Duplex With Bq,"
               BEVIKS REALTY 
             ",/property/5-bedroom-house-for-sale-by-old-aprofim-estate-berger-clinic-life-camp-abuja-8NQMC," Updated 01 Nov 2025, Added 05 Oct 2025"
 Luxury Furnished 4 Bedroom Semi Detached Duplex With Bq ,"₦ 180,000,000","Belham Estate By Efab Bridge, Gwarimpa Extension, Karsana Abuja", 4 Beds 5 Baths ,Luxury Furnished 4 Bedroom Semi Detached Duplex With Bq,"
               BEVIKS REALTY 
             ",/property/4-bedroom-house-for-sale-belham-estate-by-efab-bridge-gwarimpa-extension-karsana-abuja-0NQMD," Updated 01 Nov 2025, Added 05 Oct 2025"
 Automated 4 Bedroom Terrace Duplex + Bq ,"₦ 150,000,000",By Berger Clinic/fct Minister’s House Life Camp Abuja, 5 Beds 6 Baths ,Automated 4 Bedroom Terrace Duplex + Bq,"
               BEVIKS REALTY 
             ",/property/5-bedroom-house-for-sale-by-berger-clinic-fct-ministers-house-life-camp-abuja-0NQXT," Updated 01 Nov 2025, Added 09 Oct 2025"
 Automated 4 Bedroom Terrace Duplex + Bq ,"₦ 150,000,000",By Berger Clinic/fct Minister’s House Life Camp Abuja, 5 Beds 6 Baths ,Automated 4 Bedroom Terrace Duplex + Bq,"
               BEVIKS REALTY 
             ",/property/5-bedroom-house-for-sale-by-berger-clinic-fct-ministers-house-life-camp-abuja-5NQXT," Updated 01 Nov 2025, Added 09 Oct 2025"
 Luxury 4 Bedroom Terrace Duplex & Bq +inverter ,"₦ 150,000,000",By Berger Clinic/fct Minister’s House Life Camp Abuja, 5 Beds 6 Baths ,Luxury 4 Bedroom Terrace Duplex & Bq +inverter,"
               BEVIKS REALTY 
             ",/property/5-bedroom-house-for-sale-by-berger-clinic-fct-ministers-house-life-camp-abuja-4NQXV," Updated 01 Nov 2025, Added 09 Oct 2025"
 Automated 4 Bedroom Duplex +bq & Inverter ,"₦ 150,000,000",By Fct Minister’s House Life Camp Abuja, 5 Beds 6 Baths ,Automated 4 Bedroom Duplex +bq & Inverter,"
               BEVIKS REALTY 
             ",/property/5-bedroom-house-for-sale-by-fct-ministers-house-life-camp-abuja-3NQXW," Updated 01 Nov 2025, Added 09 Oct 2025"
 Smart Luxury 4 Bedroom Terrace Duplex +bq & Inverter ,"₦ 150,000,000",By Berger Clinic/fct Minister’s House Life Camp Abuja, 5 Beds 6 Baths ,Smart Luxury 4 Bedroom Terrace Duplex +bq & Inverter,"
               BEVIKS REALTY 
             ",/property/5-bedroom-house-for-sale-by-berger-clinic-fct-ministers-house-life-camp-abuja-3NQXZ," Updated 01 Nov 2025, Added 09 Oct 2025"
 Luxury 4 Bedroom Terrace Duplex +bq & Inverter ,"₦ 150,000,000",By Berger Clinic/fct Minister’s House Life Camp Abuja, 5 Beds 6 Baths ,Luxury 4 Bedroom Terrace Duplex +bq & Inverter,"
               BEVIKS REALTY 
             ",/property/5-bedroom-house-for-sale-by-berger-clinic-fct-ministers-house-life-camp-abuja-7NQXZ," Updated 01 Nov 2025, Added 09 Oct 2025"
 Luxury 4 Bedroom Terrace Duplex With Bq & Inverter ,"₦ 150,000,000",By Berger Clinic/ Fct Minister’s House Life Camp Abuja, 5 Beds 6 Baths ,Luxury 4 Bedroom Terrace Duplex With Bq & Inverter,"
               BEVIKS REALTY 
             ",/property/5-bedroom-house-for-sale-by-berger-clinic-fct-ministers-house-life-camp-abuja-3NQYA," Updated 01 Nov 2025, Added 09 Oct 2025"
 4 Bedroom Fully Detached Duplex With Bq ," ₦ 280,000,000 ",Orchid Lekki Lagos, 4 Beds 4 Baths ,4 Bedroom Fully Detached Duplex With Bq,"
               LANDOFGOLD PROPERTY 
             ",/property/4-bedroom-house-for-sale-orchid-lekki-lagos-8NLHP,"Updated 31 Oct 2025, Added 27 Aug 2025"
 Automated 4 Bedroom Terrace Duplex With Bq & Inverter ,"₦ 150,000,000",By Berger Clinic/fct Minister’s House Life Camp Abuja, 5 Beds 6 Baths ,Automated 4 Bedroom Terrace Duplex With Bq & Inverter,"
               BEVIKS REALTY 
             ",/property/5-bedroom-house-for-sale-by-berger-clinic-fct-ministers-house-life-camp-abuja-2NQYB," Updated 01 Nov 2025, Added 09 Oct 2025"
 Luxury 4 Bedroom Terrace Duplex With Bq & Inverter ,"₦ 150,000,000",By Berger Clinic/fct Minister’s House Life Camp Abuja, 5 Beds 6 Baths ,Luxury 4 Bedroom Terrace Duplex With Bq & Inverter,"
               BEVIKS REALTY 
             ",/property/5-bedroom-house-for-sale-by-berger-clinic-fct-ministers-house-life-camp-abuja-9NQYB," Updated 01 Nov 2025, Added 09 Oct 2025"
 Automated 4 Bedroom Terrace Duplex +bq &inverter ,"₦ 150,000,000",By Fct Minister’s House/ Berger Clinic Life Camp Abuja, 5 Beds 6 Baths ,Automated 4 Bedroom Terrace Duplex +bq &inverter,"
               BEVIKS REALTY 
             ",/property/5-bedroom-house-for-sale-by-fct-ministers-house-berger-clinic-life-camp-abuja-7NQYC," Updated 01 Nov 2025, Added 09 Oct 2025"
" Available In 300,500&1000sqm ","₦ 15,000,000",Eleranigbe/ *ajé Gardens Estate / Along Lekki Epe Expressway Pan Atlantic University Eleranigbe Ibeju Lekki Lagos, ,"Available In 300,500&1000sqm","
               CHI REALTOR 
             ",/property/land-for-sale-eleranigbe-aje-gardens-estate-along-lekki-epe-expressway-pan-atlantic-university-eleranigbe-ibeju-lekki-lagos-2NTHW," Updated 01 Nov 2025, Added 01 Nov 2025"
 Newly Built Bungalow With Pool ,"₦ 68,000,000",Eleranigbe Ibeju Lekki Lagos, ,Newly Built Bungalow With Pool,"
               CHI REALTOR 
             ",/property/house-for-sale-eleranigbe-ibeju-lekki-lagos-2NSBU," Updated 01 Nov 2025, Added 20 Oct 2025"
 Newly Built 2 Bedroom Apartment ,"₦ 200,000,000",Ikate Lekki Lagos, 2 Beds 2 Baths ,Newly Built 2 Bedroom Apartment,"
               Oyewo Abiola 
             ",/property/2-bedroom-house-for-sale-ikate-lekki-lagos-8NRSP," Updated 31 Oct 2025, Added 16 Oct 2025"
 Sharp 4 Bedroom Terrace Duplex With A Bq In Ikate ,"₦ 260,000,000",Ikate Lekki Lagos, 4 Beds 4 Baths ,Sharp 4 Bedroom Terrace Duplex With A Bq In Ikate,"
               Oyewo Abiola 
             ",/property/4-bedroom-house-for-sale-ikate-lekki-lagos-8NTHQ," Updated 31 Oct 2025, Added 31 Oct 2025"
 Newly Built 4 Bedroom Duplex ,"₦ 200,000,000",Orchid Lekki Lagos, 4 Beds 4 Baths ,Newly Built 4 Bedroom Duplex,"
               Oyewo Abiola 
             ",/property/4-bedroom-house-for-sale-orchid-lekki-lagos-2NRSF," Updated 31 Oct 2025, Added 16 Oct 2025"
 Fully Functioning 18 Rooms Hotel ,"₦ 680,000,000",Alausa Ikeja Lagos, 10 Beds 10 Baths ,Fully Functioning 18 Rooms Hotel,"
               Oyewo Abiola 
             ",/property/10-bedroom-commercial-property-for-sale-alausa-ikeja-lagos-7NQLX," Updated 31 Oct 2025, Added 05 Oct 2025"
 2 Bedroom Apartment ," ₦ 200,000/day ",Lekki Phase 1 Lekki Lagos, 2 Beds 2 Baths ,2 Bedroom Apartment,"
               LAOASISGLOBAL 
             ",/property/2-bedroom-flat-apartment-for-rent-lekki-phase-1-lekki-lagos-0NRRZ,"Updated 31 Oct 2025, Added 15 Oct 2025"
 New 5 Bedroom Fully Detached Duplex ,"₦ 350,000,000",Chevron Lekki Lagos, 5 Beds 5 Baths ,New 5 Bedroom Fully Detached Duplex,"
               Oyewo Abiola 
             ",/property/5-bedroom-house-for-sale-chevron-lekki-lagos-0NQNK," Updated 31 Oct 2025, Added 06 Oct 2025"
 11 Bedroom House With Rooftop Terraced ,"₦ 800,000,000",Lekki Phase 1 Lekki Lagos, 10 Beds 10 Baths ,11 Bedroom House With Rooftop Terraced,"
               Oyewo Abiola 
             ",/property/10-bedroom-commercial-property-for-sale-lekki-phase-1-lekki-lagos-3NRRH," Updated 31 Oct 2025, Added 15 Oct 2025"
" 18 Room Fully Functioning Hotel In Ikeja, Lagos ","₦ 680,000,000",Alausa Ikeja Lagos, 10 Beds 10 Baths ,"18 Room Fully Functioning Hotel In Ikeja, Lagos","
               Oyewo Abiola 
             ",/property/10-bedroom-commercial-property-for-sale-alausa-ikeja-lagos-9NPWQ," Updated 31 Oct 2025, Added 29 Sep 2025"
 1400sqms Of Land ,"₦ 1,600,000,000",Jibowu Yaba Lagos, ,1400sqms Of Land,"
               Oyewo Abiola 
             ",/property/commercial-property-for-sale-jibowu-yaba-lagos-3NRXJ," Updated 31 Oct 2025, Added 17 Oct 2025"
 5 Bedroom Fully Detached Duplex ,"₦ 980,000,000",Lekki Phase 1 Lekki Lagos, 5 Beds 5 Baths ,5 Bedroom Fully Detached Duplex,"
               Laprenge Properties 
             ",/property/5-bedroom-house-for-sale-lekki-phase-1-lekki-lagos-7NRTC," Updated 31 Oct 2025, Added 16 Oct 2025"
 4 Bedroom Fully Detached Smart Home ,"₦ 200,000,000",Lekki Phase 2 Lekki Lagos, 4 Beds 4 Baths ,4 Bedroom Fully Detached Smart Home,"
               Laprenge Properties 
             ",/property/4-bedroom-house-for-sale-lekki-phase-2-lekki-lagos-7NRTJ," Updated 31 Oct 2025, Added 16 Oct 2025"
 4 Bedroom Semi Detached Duplex ,"₦ 155,000,000",Orchid Lekki Lagos, 4 Beds 4 Baths ,4 Bedroom Semi Detached Duplex,"
               Laprenge Properties 
             ",/property/4-bedroom-house-for-sale-orchid-lekki-lagos-5NTBW," Updated 31 Oct 2025, Added 29 Oct 2025"
 Serviced 3 Bedroom Terrace Duplex ,"₦ 90,000,000",Abraham Adesanya Lekki Phase 2 Lekki Lagos, 3 Beds 3 Baths ,Serviced 3 Bedroom Terrace Duplex,"
               Laprenge Properties 
             ",/property/3-bedroom-house-for-sale-abraham-adesanya-lekki-phase-2-lekki-lagos-4NTBX," Updated 31 Oct 2025, Added 29 Oct 2025"
 Tastefully Built 4 Bedroom Semi Detached Duplex ,"₦ 145,000,000","Abraham Adesanya, Lekki Phase 2 Lekki Lagos", 4 Beds 4 Baths ,Tastefully Built 4 Bedroom Semi Detached Duplex,"
               Laprenge Properties 
             ",/property/4-bedroom-house-for-sale-abraham-adesanya-lekki-phase-2-lekki-lagos-9NSBS," Updated 31 Oct 2025, Added 20 Oct 2025"
 2 Bedroom Apartment ,"₦ 95,000,000",Ologolo Lekki Lagos, 2 Beds 2 Baths ,2 Bedroom Apartment,"
               Laprenge Properties 
             ",/property/2-bedroom-house-for-sale-ologolo-lekki-lagos-3NRPN," Updated 31 Oct 2025, Added 15 Oct 2025"
 Luxury 2 Bedroom Apartment With Swimming Pool ,"₦ 85,000,000",Chevron Lekki Lagos, 2 Beds 2 Baths ,Luxury 2 Bedroom Apartment With Swimming Pool,"
               Laprenge Properties 
             ",/property/2-bedroom-house-for-sale-chevron-lekki-lagos-7NQWT," Updated 31 Oct 2025, Added 08 Oct 2025"
 Gorgeous 5 Bedroom Detached Duplex ," ₦ 200,000,000 ",Ologolo Lekki Lagos, 5 Beds 5 Baths ,Gorgeous 5 Bedroom Detached Duplex,"
               LAOASISGLOBAL 
             ",/property/5-bedroom-house-for-sale-ologolo-lekki-lagos-5NQVD,"Updated 31 Oct 2025, Added 08 Oct 2025"
 Contemporary 4 Bedroom Semi Detached Duplex With Bq ,"₦ 178,000,000",Orchid Lekki Lagos, 4 Beds 4 Baths ,Contemporary 4 Bedroom Semi Detached Duplex With Bq,"
               Laprenge Properties 
             ",/property/4-bedroom-house-for-sale-orchid-lekki-lagos-8NSWH," Updated 31 Oct 2025, Added 27 Oct 2025"
 Contemporary 2 Bedroom Apartment ,"₦ 75,000,000","Abraham Adesanya, Lekki Phase 2 Lekki Lagos", 2 Beds 2 Baths ,Contemporary 2 Bedroom Apartment,"
               Laprenge Properties 
             ",/property/2-bedroom-house-for-sale-abraham-adesanya-lekki-phase-2-lekki-lagos-7NSBQ," Updated 31 Oct 2025, Added 20 Oct 2025"
 4 Bedroom Semi Detached Duplex ,"₦ 300,000,000",Ologolo Lekki Lagos, 4 Beds 4 Baths ,4 Bedroom Semi Detached Duplex,"
               Laprenge Properties 
             ",/property/4-bedroom-house-for-sale-ologolo-lekki-lagos-6NSNX," Updated 31 Oct 2025, Added 23 Oct 2025"
 4 Bedroom Semi Detached Duplex ,"₦ 290,000,000",Ologolo Lekki Lagos, 4 Beds 4 Baths ,4 Bedroom Semi Detached Duplex,"
               Laprenge Properties 
             ",/property/4-bedroom-house-for-sale-ologolo-lekki-lagos-8NSLJ," Updated 31 Oct 2025, Added 22 Oct 2025"
 Modern 2 Bedroom Apartment With Bq ,"₦ 68,000,000",Ajah Lagos, 2 Beds 2 Baths ,Modern 2 Bedroom Apartment With Bq,"
               Laprenge Properties 
             ",/property/2-bedroom-house-for-sale-ajah-lagos-6NSCP," Updated 31 Oct 2025, Added 20 Oct 2025"
 Ultra Luxury 5 Bedroom Smart Home ,"₦ 1,000,000,000",Lekki Phase 1 Lekki Lagos, 5 Beds 5 Baths ,Ultra Luxury 5 Bedroom Smart Home,"
               Laprenge Properties 
             ",/property/5-bedroom-house-for-sale-lekki-phase-1-lekki-lagos-5NRTS," Updated 31 Oct 2025, Added 16 Oct 2025"
 Serviced 1 Bedroom Apartment ,"₦ 65,000,000",Ologolo Lekki Lagos, 1 Beds 1 Baths ,Serviced 1 Bedroom Apartment,"
               Laprenge Properties 
             ",/property/1-bedroom-flat-apartment-for-sale-ologolo-lekki-lagos-3NQYS," Updated 31 Oct 2025, Added 09 Oct 2025"
 Automated 5 Bedroom Semi Detached Duplex With Bq ,"₦ 275,000,000",Osapa London Lekki Lagos, 5 Beds 4 Baths ,Automated 5 Bedroom Semi Detached Duplex With Bq,"
               Laprenge Properties 
             ",/property/5-bedroom-house-for-sale-osapa-london-lekki-lagos-8NSNY," Updated 31 Oct 2025, Added 23 Oct 2025"
 4 Bedroom Semi Detached Duplex With Bq ,"₦ 150,000,000",Orchid Lekki Lagos, 4 Beds 4 Baths ,4 Bedroom Semi Detached Duplex With Bq,"
               Laprenge Properties 
             ",/property/4-bedroom-house-for-sale-orchid-lekki-lagos-1NSYS," Updated 31 Oct 2025, Added 28 Oct 2025"
 3 Bedroom Apartment ," ₦ 140,000/day ",Magodo Gra Phase 2 Kosofe/ikosi Lagos, 3 Beds 3 Baths ,3 Bedroom Apartment,"
               Ezekiel Bassey 
             ",/property/3-bedroom-flat-apartment-for-shortlet-magodo-gra-phase-2-kosofe-ikosi-lagos-8NQGD,"Updated 31 Oct 2025, Added 03 Oct 2025"
 4 Bedroom Fully Detached Duplex ,"₦ 140,000,000",Lekki Phase 2 Lekki Lagos, 4 Beds 4 Baths ,4 Bedroom Fully Detached Duplex,"
               Laprenge Properties 
             ",/property/4-bedroom-house-for-sale-lekki-phase-2-lekki-lagos-3NSPA," Updated 31 Oct 2025, Added 23 Oct 2025"
 1 Bedroom Apartment ,"₦ 50,000,000",Ikota Lekki Lagos, 1 Beds 1 Baths ,1 Bedroom Apartment,"
               Laprenge Properties 
             ",/property/1-bedroom-flat-apartment-for-sale-ikota-lekki-lagos-5NSCT," Updated 31 Oct 2025, Added 20 Oct 2025"
 Luxury Redefined! 4bedroom Detached Duplex ,"₦ 380,000,000",Kay Farm Estate Ifako Ogba Ogba Lagos, 4 Beds 4 Baths ,Luxury Redefined! 4bedroom Detached Duplex,"
               Safehouse Properties 
             ",/property/4-bedroom-house-for-sale-kay-farm-estate-ifako-ogba-ogba-lagos-5NTHF," Updated 31 Oct 2025, Added 31 Oct 2025"
 Modern Luxurious Brand New 4 Bedroom Detached Duplex ,"₦ 150,000,000",Abule Egba Abule Egba Lagos, 4 Beds 4 Baths ,Modern Luxurious Brand New 4 Bedroom Detached Duplex,"
               Safehouse Properties 
             ",/property/4-bedroom-house-for-sale-abule-egba-abule-egba-lagos-0NTGN," Updated 31 Oct 2025, Added 31 Oct 2025"
 Superb Location! 4bedroom Terrace Duplex In Ikeja ,"₦ 300,000,000",Lagoon Awolowo Way Ikeja Lagos, 4 Beds 4 Baths ,Superb Location! 4bedroom Terrace Duplex In Ikeja,"
               Safehouse Properties 
             ",/property/4-bedroom-house-for-sale-lagoon-awolowo-way-ikeja-lagos-0NTHG," Updated 31 Oct 2025, Added 31 Oct 2025"
 Brand New 3bedroom Luxurious Apartments ,"₦ 140,000,000",Awuse Estate Opebi Ikeja Lagos, 3 Beds 3 Baths ,Brand New 3bedroom Luxurious Apartments,"
               Safehouse Properties 
             ",/property/3-bedroom-flat-apartment-for-sale-awuse-estate-opebi-ikeja-lagos-9NTHG," Updated 31 Oct 2025, Added 31 Oct 2025"
 5 Bedroom Fully Detached Duplex ,"₦ 980,000,000",Ikate Lekki Lagos, 5 Beds 6 Baths ,5 Bedroom Fully Detached Duplex,"
               Joe Etoniru 
             ",/property/5-bedroom-house-for-sale-ikate-lekki-lagos-4NQZF," Updated 31 Oct 2025, Added 09 Oct 2025"
 5 Bedroom Semi Detached House ,"₦ 900,000,000",Ikate Lekki Lagos, 5 Beds 6 Baths ,5 Bedroom Semi Detached House,"
               Joe Etoniru 
             ",/property/5-bedroom-house-for-sale-ikate-lekki-lagos-4NPHA," Updated 31 Oct 2025, Added 24 Sep 2025"
 4 Bedroom Penthouse With Bq ,"₦ 1,000,000,000",Victoria Island Lagos, 4 Beds 5 Baths ,4 Bedroom Penthouse With Bq,"
               Joe Etoniru 
             ",/property/4-bedroom-flat-apartment-for-sale-victoria-island-lagos-1NQZF," Updated 31 Oct 2025, Added 09 Oct 2025"
 1 Bedroom Apartment ,"₦ 130,000,000",Victoria Island Lagos, 1 Beds 2 Baths ,1 Bedroom Apartment,"
               Joe Etoniru 
             ",/property/1-bedroom-flat-apartment-for-sale-victoria-island-lagos-8NPHD," Updated 31 Oct 2025, Added 24 Sep 2025"
 5 Bedroom Fully Detached Duplex With Bq ,"₦ 420,000,000",Ikota Lekki Lagos, 5 Beds 6 Baths ,5 Bedroom Fully Detached Duplex With Bq,"
               Joe Etoniru 
             ",/property/5-bedroom-house-for-sale-ikota-lekki-lagos-1NQZH," Updated 31 Oct 2025, Added 09 Oct 2025"
